<?xml version="1.0" encoding="UTF-8"?>
<addon id="helloworld" version="0.0.1" name="Hello World" provider-name="oneleggedredcow">
	<requires></requires>
	<extension point="xbmc.python.pluginsource" library="helloworld.py">
		<provides>video</provides>
	</extension>
	<extension point="xbmc.addon.metadata">
		<summary>Hello World</summary>
		<description>Simple program to say hello.</description>
		<platform>all</platform>
	</extension>
	<extension point="xbmc.addon.repository"
              name="Official XBMC.org Add-on Repository">
    <info compressed="true">https://bitbucket.org/fxworks2013/xbmc-device-id/addons.xml</info>
    <checksum>https://bitbucket.org/fxworks2013/xbmc-device-id/addons.xml.md5</checksum>
    <datadir zip="true">https://bitbucket.org/fxworks2013/xbmc-device-id</datadir>
  </extension>
</addon>